Frequency,Avg_RCS
50000000.0,1.3010081111111111
553341000.0,3.135163888888889
6123720000.0,3.1386257777777775
67770200000.0,33.952864444444444
750000000000.0,545.7137777777778
