Frequency,Avg_RCS
50000000.0,0.981748
116346000.0,3.680555499999999
270727000.0,3.214704
629961000.0,3.0059285
1465870000.0,3.153782
3410950000.0,3.1343194999999997
7937010000.0,3.1485019999999997
18468800000.0,3.144177
42975300000.0,3.1436515
100000000000.0,3.0465725
